{"cameraMode":{"drawMode":0,"name":"Shaded","section":"Shading Mode"},"sceneLighting":true,"audioPlay":false,"sceneViewState":{"m_AlwaysRefresh":false,"showFog":true,"showSkybox":true,"showFlares":true,"showImageEffects":true,"showParticleSystems":true,"showVisualEffectGraphs":true,"m_FxEnabled":true},"in2DMode":false,"pivot":{"x":3.7006940841674806,"y":-0.03443344682455063,"z":-5.248642921447754},"rotation":{"x":-0.15361104905605317,"y":-0.0003089231613557786,"z":-0.000024917855625972152,"w":-0.9882068634033203},"size":8.818992614746094,"orthographic":false}