{"cameraMode":{"drawMode":0,"name":"Shaded","section":"Shading Mode"},"sceneLighting":true,"audioPlay":false,"sceneViewState":{"m_AlwaysRefresh":false,"showFog":true,"showSkybox":true,"showFlares":true,"showImageEffects":true,"showParticleSystems":true,"showVisualEffectGraphs":true,"m_FxEnabled":true},"in2DMode":false,"pivot":{"x":-2.6426827907562258,"y":-1.6646862030029297,"z":-25.70409393310547},"rotation":{"x":0.012191472575068474,"y":-0.9765297770500183,"z":0.1751853972673416,"w":0.12935742735862733},"size":6.120198726654053,"orthographic":false}